command_id,safety_class,confidence,experimental_default,report_id,request_len,request_hex,expected_response,notes,applies_to,operation_group,dossier_id,evidence_static,evidence_runtime,evidence_hardware,promotion_gate
GetPid,SafeRead,confirmed,false,0x81,64,8105c100000000000000000000000000000000000000000000000000000000000000000000000000000000000000000000000000000000000000000000000000,byte0=0x02;byte1=0x05;byte4=0xC1,Primary PID detection request,*,Core,DOS-CORE-GLOBAL,yes,yes,yes,n/a
GetReportRevision,SafeRead,confirmed,false,0x81,64,81040001000000000000000000000000000000000000000000000000000000000000000000000000000000000000000000000000000000000000000000000000,byte0=0x02;byte1=0x04;byte5=0x01,RR read preflight,*,Core,DOS-CORE-GLOBAL,yes,yes,yes,n/a
GetMode,SafeRead,confirmed,false,0x81,64,81040501000000000000000000000000000000000000000000000000000000000000000000000000000000000000000000000000000000000000000000000000,byte0=0x02;byte1=0x05,Mode read,*,Core,DOS-CORE-GLOBAL,yes,yes,yes,n/a
GetModeAlt,SafeRead,confirmed,false,0x81,64,81050800000000000000000000000000000000000000000000000000000000000000000000000000000000000000000000000000000000000000000000000000,byte0=0x02;byte1=0x05,Alternate mode read,*,Core,DOS-CORE-GLOBAL,yes,yes,yes,n/a
GetControllerVersion,SafeRead,confirmed,false,0x81,64,81042101000006000000000000000000000000000000000000000000000000000000000000000000000000000000000000000000000000000000000000000000,byte0=0x02;byte1=0x22,Controller version,*,Core,DOS-CORE-GLOBAL,yes,yes,yes,n/a
GetSuperButton,SafeRead,inferred,true,0x81,64,81052100000000000000000000000000000000000000000000000000000000000000000000000000000000000000000000000000000000000000000000000000,byte0=0x02;byte1=0x05,Super button capability,*,Core,DOS-CORE-GLOBAL,yes,no,no,n/a
SetModeDInput,SafeWrite,confirmed,false,0x81,64,81050051020000000000000000000000000000000000000000000000000000000000000000000000000000000000000000000000000000000000000000000000,byte0=0x02,Mode write to DInput,*,Core,DOS-CORE-GLOBAL,yes,yes,yes,n/a
Idle,SafeRead,confirmed,false,0x81,64,81040001000000000000000000000000000000000000000000000000000000000000000000000000000000000000000000000000000000000000000000000000,byte0=0x02,Idle check,*,Core,DOS-CORE-GLOBAL,yes,yes,yes,n/a
Version,SafeRead,confirmed,false,0x81,64,81042101000000000000000000000000000000000000000000000000000000000000000000000000000000000000000000000000000000000000000000000000,byte1=0x22,Version check,*,Core,DOS-CORE-GLOBAL,yes,yes,yes,n/a
ReadProfile,SafeRead,inferred,true,0x81,64,81060001000000000000000000000000000000000000000000000000000000000000000000000000000000000000000000000000000000000000000000000000,byte0=0x02,Profile slot read (sanitized),*,Core,DOS-CORE-GLOBAL,yes,no,no,n/a
WriteProfile,SafeWrite,inferred,true,0x81,64,81070001000000000000000000000000000000000000000000000000000000000000000000000000000000000000000000000000000000000000000000000000,byte0=0x02,Profile slot write (sanitized),*,Core,DOS-CORE-GLOBAL,yes,no,no,n/a
EnterBootloaderA,UnsafeBoot,confirmed,false,0x81,6,050050010000,none,Boot stage A,*,Core,DOS-CORE-GLOBAL,yes,yes,yes,n/a
EnterBootloaderB,UnsafeBoot,confirmed,false,0x81,6,005100000000,none,Boot stage B,*,Core,DOS-CORE-GLOBAL,yes,yes,yes,n/a
EnterBootloaderC,UnsafeBoot,confirmed,false,0x81,5,0050000000,none,Boot stage C,*,Core,DOS-CORE-GLOBAL,yes,yes,yes,n/a
ExitBootloader,UnsafeBoot,inferred,true,0x81,6,050051010000,none,Boot exit (sanitized inferred),*,Core,DOS-CORE-GLOBAL,yes,no,no,n/a
FirmwareChunk,UnsafeFirmware,inferred,true,0x81,64,81100000000000000000000000000000000000000000000000000000000000000000000000000000000000000000000000000000000000000000000000000000,byte0=0x02,Firmware chunk transfer,*,Core,DOS-CORE-GLOBAL,yes,no,no,n/a
FirmwareCommit,UnsafeFirmware,inferred,true,0x81,64,81110000000000000000000000000000000000000000000000000000000000000000000000000000000000000000000000000000000000000000000000000000,byte0=0x02,Firmware commit,*,Core,DOS-CORE-GLOBAL,yes,no,no,n/a
Jp108ReadDedicatedMappings,SafeRead,confirmed,false,0x52,33,5283e9000000000000000000000000000000000000000000000000000000000000,byte0=0x54;byte1=0x83,JP108 read one key mapping; byte2 of the request is the key id (default: the A button),0x5209,JP108Dedicated,DOS-5209-JP108-HID,yes,yes,yes,n/a
Jp108WriteDedicatedMapping,SafeWrite,confirmed,false,0x52,33,52fa030c00aa0971e9070000000000000000000000000000000000000000000000,byte0=0x54;byte1=0xE4;byte2=0x08,"JP108 assign a key; byte8 key id, byte9 type (0x07 keyboard), byte10..13 value",0x5209,JP108Dedicated,DOS-5209-JP108-HID,yes,yes,yes,n/a
Jp108ReadFeatureFlags,SafeRead,confirmed,false,0x52,33,528800000000000000000000000000000000000000000000000000000000000000,byte0=0x54;byte1=0x88,JP108 feature flags read,0x5209,JP108Dedicated,DOS-5209-JP108-HID,yes,yes,yes,n/a
Jp108ReadProfileName,SafeRead,confirmed,false,0x52,33,528000000000000000000000000000000000000000000000000000000000000000,byte0=0x54;byte1=0x80,JP108 profile name read (UTF-16LE; byte2 length),0x5209,JP108Dedicated,DOS-5209-JP108-HID,yes,yes,yes,n/a
Jp108WriteProfileName,SafeWrite,confirmed,false,0x52,33,527000000000000000000000000000000000000000000000000000000000000000,byte0=0x54;byte1=0xE4;byte2=0x08,"JP108 profile name write; byte2 length (max 29), byte3 more-flag, name from byte4. Length 0 clears the profile",0x5209,JP108Dedicated,DOS-5209-JP108-HID,yes,yes,yes,n/a
Jp108ReadMappedKeys,SafeRead,confirmed,false,0x52,33,528100000000000000000000000000000000000000000000000000000000000000,byte0=0x54;byte1=0x81,"JP108 list of keys that hold a mapping: (key id, type) pairs, zero-terminated; byte32 non-zero means another report follows",0x5209,JP108Dedicated,DOS-5209-JP108-HID,yes,yes,yes,n/a
Jp108ReadMacroList,SafeRead,confirmed,false,0x52,33,528200000000000000000000000000000000000000000000000000000000000000,byte0=0x54;byte1=0x82,JP108 list of stored macros,0x5209,JP108Dedicated,DOS-5209-JP108-HID,yes,yes,yes,n/a
Jp108WriteFeatureFlags,SafeWrite,inferred,true,0x52,33,527800000000000000000000000000000000000000000000000000000000000000,byte0=0x54;byte1=0xE4;byte2=0x08,"JP108 feature flags write; framing from static evidence, never sent to hardware",0x5209,JP108Dedicated,DOS-5209-JP108-HID,yes,no,no,n/a
Jp108ReadVoice,SafeRead,confirmed,false,0x52,33,528900000000000000000000000000000000000000000000000000000000000000,byte0=0x54;byte1=0x89,JP108 volume level read (1-5),0x5209,JP108Dedicated,DOS-5209-JP108-HID,yes,yes,yes,n/a
Jp108WriteVoice,SafeWrite,inferred,true,0x52,33,527902000000000000000000000000000000000000000000000000000000000000,byte0=0x54;byte1=0xE4;byte2=0x08,"JP108 volume level write; byte2 level 1-5. Framing from static evidence, not yet sent to hardware",0x5209,JP108Dedicated,DOS-5209-JP108-HID,yes,no,no,n/a
Jp108EnterBootloader,UnsafeBoot,inferred,true,0x81,6,050050010000,none,JP108 boot enter,0x5209;0x520a,Firmware,DOS-CORE-GLOBAL,yes,no,no,n/a
Jp108FirmwareChunk,UnsafeFirmware,inferred,true,0x81,64,81601020090000000000000000000000000000000000000000000000000000000000000000000000000000000000000000000000000000000000000000000000,byte0=0x02,JP108 firmware chunk,0x5209;0x520a,Firmware,DOS-CORE-GLOBAL,yes,no,no,n/a
Jp108FirmwareCommit,UnsafeFirmware,inferred,true,0x81,64,81601120090000000000000000000000000000000000000000000000000000000000000000000000000000000000000000000000000000000000000000000000,byte0=0x02,JP108 firmware commit,0x5209;0x520a,Firmware,DOS-CORE-GLOBAL,yes,no,no,n/a
Jp108ExitBootloader,UnsafeBoot,inferred,true,0x81,6,050051010000,none,JP108 boot exit,0x5209;0x520a,Firmware,DOS-CORE-GLOBAL,yes,no,no,n/a
U2EnterBootloader,UnsafeBoot,inferred,true,0x81,6,050050010000,none,Ultimate2 boot enter,0x6012;0x6013,Firmware,DOS-CORE-GLOBAL,yes,no,no,n/a
U2FirmwareChunk,UnsafeFirmware,inferred,true,0x81,64,81601060120000000000000000000000000000000000000000000000000000000000000000000000000000000000000000000000000000000000000000000000,byte0=0x02,Ultimate2 firmware chunk,0x6012;0x6013,Firmware,DOS-CORE-GLOBAL,yes,no,no,n/a
U2FirmwareCommit,UnsafeFirmware,inferred,true,0x81,64,81601160120000000000000000000000000000000000000000000000000000000000000000000000000000000000000000000000000000000000000000000000,byte0=0x02,Ultimate2 firmware commit,0x6012;0x6013,Firmware,DOS-CORE-GLOBAL,yes,no,no,n/a
U2ExitBootloader,UnsafeBoot,inferred,true,0x81,6,050051010000,none,Ultimate2 boot exit,0x6012;0x6013,Firmware,DOS-CORE-GLOBAL,yes,no,no,n/a
GetPid,SafeRead,confirmed,false,0x81,64,8105c100000000000000000000000000000000000000000000000000000000000000000000000000000000000000000000000000000000000000000000000000,byte0=0x02;byte1=0x05;byte4=0xC1,Wave2 static core diagnostics coverage for candidate-readonly PID,0x3100,CoreDiag,DOS-3100-CORE-DIAG-W2,yes,no,no,blocked/no_runtime
GetMode,SafeRead,confirmed,false,0x81,64,81040501000000000000000000000000000000000000000000000000000000000000000000000000000000000000000000000000000000000000000000000000,byte0=0x02;byte1=0x05,Wave2 static mode/profile read coverage; read-only and gated,0x3100,ModeProfileRead,DOS-3100-MODEPROFILE-W2,yes,no,no,blocked/no_runtime
GetControllerVersion,SafeRead,confirmed,false,0x81,64,81042101000006000000000000000000000000000000000000000000000000000000000000000000000000000000000000000000000000000000000000000000,byte0=0x02;byte1=0x22,Wave2 static firmware preflight metadata coverage; transfer blocked,0x3100,FirmwarePreflight,DOS-3100-FW-PREFLIGHT-W2,yes,no,no,blocked/no_runtime
GetPid,SafeRead,confirmed,false,0x81,64,8105c100000000000000000000000000000000000000000000000000000000000000000000000000000000000000000000000000000000000000000000000000,byte0=0x02;byte1=0x05;byte4=0xC1,Wave2 static core diagnostics coverage for candidate-readonly PID,0x3105,CoreDiag,DOS-3105-CORE-DIAG-W2,yes,no,no,blocked/no_runtime
GetMode,SafeRead,confirmed,false,0x81,64,81040501000000000000000000000000000000000000000000000000000000000000000000000000000000000000000000000000000000000000000000000000,byte0=0x02;byte1=0x05,Wave2 static mode/profile read coverage; read-only and gated,0x3105,ModeProfileRead,DOS-3105-MODEPROFILE-W2,yes,no,no,blocked/no_runtime
GetControllerVersion,SafeRead,confirmed,false,0x81,64,81042101000006000000000000000000000000000000000000000000000000000000000000000000000000000000000000000000000000000000000000000000,byte0=0x02;byte1=0x22,Wave2 static firmware preflight metadata coverage; transfer blocked,0x3105,FirmwarePreflight,DOS-3105-FW-PREFLIGHT-W2,yes,no,no,blocked/no_runtime
GetPid,SafeRead,confirmed,false,0x81,64,8105c100000000000000000000000000000000000000000000000000000000000000000000000000000000000000000000000000000000000000000000000000,byte0=0x02;byte1=0x05;byte4=0xC1,Wave2 static core diagnostics coverage for candidate-readonly PID,0x2100,CoreDiag,DOS-2100-CORE-DIAG-W2,yes,no,no,blocked/no_runtime
GetMode,SafeRead,confirmed,false,0x81,64,81040501000000000000000000000000000000000000000000000000000000000000000000000000000000000000000000000000000000000000000000000000,byte0=0x02;byte1=0x05,Wave2 static mode/profile read coverage; read-only and gated,0x2100,ModeProfileRead,DOS-2100-MODEPROFILE-W2,yes,no,no,blocked/no_runtime
GetControllerVersion,SafeRead,confirmed,false,0x81,64,81042101000006000000000000000000000000000000000000000000000000000000000000000000000000000000000000000000000000000000000000000000,byte0=0x02;byte1=0x22,Wave2 static firmware preflight metadata coverage; transfer blocked,0x2100,FirmwarePreflight,DOS-2100-FW-PREFLIGHT-W2,yes,no,no,blocked/no_runtime
GetPid,SafeRead,confirmed,false,0x81,64,8105c100000000000000000000000000000000000000000000000000000000000000000000000000000000000000000000000000000000000000000000000000,byte0=0x02;byte1=0x05;byte4=0xC1,Wave2 static core diagnostics coverage for candidate-readonly PID,0x2101,CoreDiag,DOS-2101-CORE-DIAG-W2,yes,no,no,blocked/no_runtime
GetMode,SafeRead,confirmed,false,0x81,64,81040501000000000000000000000000000000000000000000000000000000000000000000000000000000000000000000000000000000000000000000000000,byte0=0x02;byte1=0x05,Wave2 static mode/profile read coverage; read-only and gated,0x2101,ModeProfileRead,DOS-2101-MODEPROFILE-W2,yes,no,no,blocked/no_runtime
GetControllerVersion,SafeRead,confirmed,false,0x81,64,81042101000006000000000000000000000000000000000000000000000000000000000000000000000000000000000000000000000000000000000000000000,byte0=0x02;byte1=0x22,Wave2 static firmware preflight metadata coverage; transfer blocked,0x2101,FirmwarePreflight,DOS-2101-FW-PREFLIGHT-W2,yes,no,no,blocked/no_runtime
GetPid,SafeRead,confirmed,false,0x81,64,8105c100000000000000000000000000000000000000000000000000000000000000000000000000000000000000000000000000000000000000000000000000,byte0=0x02;byte1=0x05;byte4=0xC1,Wave2 static core diagnostics coverage for candidate-readonly PID,0x901a,CoreDiag,DOS-901A-CORE-DIAG-W2,yes,no,no,blocked/no_runtime
GetMode,SafeRead,confirmed,false,0x81,64,81040501000000000000000000000000000000000000000000000000000000000000000000000000000000000000000000000000000000000000000000000000,byte0=0x02;byte1=0x05,Wave2 static mode/profile read coverage; read-only and gated,0x901a,ModeProfileRead,DOS-901A-MODEPROFILE-W2,yes,no,no,blocked/no_runtime
GetControllerVersion,SafeRead,confirmed,false,0x81,64,81042101000006000000000000000000000000000000000000000000000000000000000000000000000000000000000000000000000000000000000000000000,byte0=0x02;byte1=0x22,Wave2 static firmware preflight metadata coverage; transfer blocked,0x901a,FirmwarePreflight,DOS-901A-FW-PREFLIGHT-W2,yes,no,no,blocked/no_runtime
GetPid,SafeRead,confirmed,false,0x81,64,8105c100000000000000000000000000000000000000000000000000000000000000000000000000000000000000000000000000000000000000000000000000,byte0=0x02;byte1=0x05;byte4=0xC1,Wave2 static core diagnostics coverage for candidate-readonly PID,0x6006,CoreDiag,DOS-6006-CORE-DIAG-W2,yes,no,no,blocked/no_runtime
GetMode,SafeRead,confirmed,false,0x81,64,81040501000000000000000000000000000000000000000000000000000000000000000000000000000000000000000000000000000000000000000000000000,byte0=0x02;byte1=0x05,Wave2 static mode/profile read coverage; read-only and gated,0x6006,ModeProfileRead,DOS-6006-MODEPROFILE-W2,yes,no,no,blocked/no_runtime
GetControllerVersion,SafeRead,confirmed,false,0x81,64,81042101000006000000000000000000000000000000000000000000000000000000000000000000000000000000000000000000000000000000000000000000,byte0=0x02;byte1=0x22,Wave2 static firmware preflight metadata coverage; transfer blocked,0x6006,FirmwarePreflight,DOS-6006-FW-PREFLIGHT-W2,yes,no,no,blocked/no_runtime
GetPid,SafeRead,confirmed,false,0x81,64,8105c100000000000000000000000000000000000000000000000000000000000000000000000000000000000000000000000000000000000000000000000000,byte0=0x02;byte1=0x05;byte4=0xC1,Wave2 static core diagnostics coverage for candidate-readonly PID,0x5203,CoreDiag,DOS-5203-CORE-DIAG-W2,yes,no,no,blocked/no_runtime
GetMode,SafeRead,confirmed,false,0x81,64,81040501000000000000000000000000000000000000000000000000000000000000000000000000000000000000000000000000000000000000000000000000,byte0=0x02;byte1=0x05,Wave2 static mode/profile read coverage; read-only and gated,0x5203,ModeProfileRead,DOS-5203-MODEPROFILE-W2,yes,no,no,blocked/no_runtime
GetControllerVersion,SafeRead,confirmed,false,0x81,64,81042101000006000000000000000000000000000000000000000000000000000000000000000000000000000000000000000000000000000000000000000000,byte0=0x02;byte1=0x22,Wave2 static firmware preflight metadata coverage; transfer blocked,0x5203,FirmwarePreflight,DOS-5203-FW-PREFLIGHT-W2,yes,no,no,blocked/no_runtime
GetPid,SafeRead,confirmed,false,0x81,64,8105c100000000000000000000000000000000000000000000000000000000000000000000000000000000000000000000000000000000000000000000000000,byte0=0x02;byte1=0x05;byte4=0xC1,Wave2 static core diagnostics coverage for candidate-readonly PID,0x5204,CoreDiag,DOS-5204-CORE-DIAG-W2,yes,no,no,blocked/no_runtime
GetMode,SafeRead,confirmed,false,0x81,64,81040501000000000000000000000000000000000000000000000000000000000000000000000000000000000000000000000000000000000000000000000000,byte0=0x02;byte1=0x05,Wave2 static mode/profile read coverage; read-only and gated,0x5204,ModeProfileRead,DOS-5204-MODEPROFILE-W2,yes,no,no,blocked/no_runtime
GetControllerVersion,SafeRead,confirmed,false,0x81,64,81042101000006000000000000000000000000000000000000000000000000000000000000000000000000000000000000000000000000000000000000000000,byte0=0x02;byte1=0x22,Wave2 static firmware preflight metadata coverage; transfer blocked,0x5204,FirmwarePreflight,DOS-5204-FW-PREFLIGHT-W2,yes,no,no,blocked/no_runtime
GetPid,SafeRead,confirmed,false,0x81,64,8105c100000000000000000000000000000000000000000000000000000000000000000000000000000000000000000000000000000000000000000000000000,byte0=0x02;byte1=0x05;byte4=0xC1,Wave2 static core diagnostics coverage for candidate-readonly PID,0x301a,CoreDiag,DOS-301A-CORE-DIAG-W2,yes,no,no,blocked/no_runtime
GetMode,SafeRead,confirmed,false,0x81,64,81040501000000000000000000000000000000000000000000000000000000000000000000000000000000000000000000000000000000000000000000000000,byte0=0x02;byte1=0x05,Wave2 static mode/profile read coverage; read-only and gated,0x301a,ModeProfileRead,DOS-301A-MODEPROFILE-W2,yes,no,no,blocked/no_runtime
GetControllerVersion,SafeRead,confirmed,false,0x81,64,81042101000006000000000000000000000000000000000000000000000000000000000000000000000000000000000000000000000000000000000000000000,byte0=0x02;byte1=0x22,Wave2 static firmware preflight metadata coverage; transfer blocked,0x301a,FirmwarePreflight,DOS-301A-FW-PREFLIGHT-W2,yes,no,no,blocked/no_runtime
GetPid,SafeRead,confirmed,false,0x81,64,8105c100000000000000000000000000000000000000000000000000000000000000000000000000000000000000000000000000000000000000000000000000,byte0=0x02;byte1=0x05;byte4=0xC1,Wave2 static core diagnostics coverage for candidate-readonly PID,0x9028,CoreDiag,DOS-9028-CORE-DIAG-W2,yes,no,no,blocked/no_runtime
GetMode,SafeRead,confirmed,false,0x81,64,81040501000000000000000000000000000000000000000000000000000000000000000000000000000000000000000000000000000000000000000000000000,byte0=0x02;byte1=0x05,Wave2 static mode/profile read coverage; read-only and gated,0x9028,ModeProfileRead,DOS-9028-MODEPROFILE-W2,yes,no,no,blocked/no_runtime
GetControllerVersion,SafeRead,confirmed,false,0x81,64,81042101000006000000000000000000000000000000000000000000000000000000000000000000000000000000000000000000000000000000000000000000,byte0=0x02;byte1=0x22,Wave2 static firmware preflight metadata coverage; transfer blocked,0x9028,FirmwarePreflight,DOS-9028-FW-PREFLIGHT-W2,yes,no,no,blocked/no_runtime
GetPid,SafeRead,confirmed,false,0x81,64,8105c100000000000000000000000000000000000000000000000000000000000000000000000000000000000000000000000000000000000000000000000000,byte0=0x02;byte1=0x05;byte4=0xC1,Wave2 static core diagnostics coverage for candidate-readonly PID,0x3026,CoreDiag,DOS-3026-CORE-DIAG-W2,yes,no,no,blocked/no_runtime
GetMode,SafeRead,confirmed,false,0x81,64,81040501000000000000000000000000000000000000000000000000000000000000000000000000000000000000000000000000000000000000000000000000,byte0=0x02;byte1=0x05,Wave2 static mode/profile read coverage; read-only and gated,0x3026,ModeProfileRead,DOS-3026-MODEPROFILE-W2,yes,no,no,blocked/no_runtime
GetControllerVersion,SafeRead,confirmed,false,0x81,64,81042101000006000000000000000000000000000000000000000000000000000000000000000000000000000000000000000000000000000000000000000000,byte0=0x02;byte1=0x22,Wave2 static firmware preflight metadata coverage; transfer blocked,0x3026,FirmwarePreflight,DOS-3026-FW-PREFLIGHT-W2,yes,no,no,blocked/no_runtime
GetPid,SafeRead,confirmed,false,0x81,64,8105c100000000000000000000000000000000000000000000000000000000000000000000000000000000000000000000000000000000000000000000000000,byte0=0x02;byte1=0x05;byte4=0xC1,Wave2 static core diagnostics coverage for candidate-readonly PID,0x3027,CoreDiag,DOS-3027-CORE-DIAG-W2,yes,no,no,blocked/no_runtime
GetMode,SafeRead,confirmed,false,0x81,64,81040501000000000000000000000000000000000000000000000000000000000000000000000000000000000000000000000000000000000000000000000000,byte0=0x02;byte1=0x05,Wave2 static mode/profile read coverage; read-only and gated,0x3027,ModeProfileRead,DOS-3027-MODEPROFILE-W2,yes,no,no,blocked/no_runtime
GetControllerVersion,SafeRead,confirmed,false,0x81,64,81042101000006000000000000000000000000000000000000000000000000000000000000000000000000000000000000000000000000000000000000000000,byte0=0x02;byte1=0x22,Wave2 static firmware preflight metadata coverage; transfer blocked,0x3027,FirmwarePreflight,DOS-3027-FW-PREFLIGHT-W2,yes,no,no,blocked/no_runtime
U2GetConnected,SafeRead,confirmed,false,0x81,64,81042001000000000000000000000000000000000000000000000000000000000000000000000000000000000000000000000000000000000000000000000000,byte0=0x02;byte1=0x04,Ultimate2 receiver: is the controller connected (data byte 0 = 1),0x6012;0x6013,Ultimate2Core,DOS-6012-U2-ADV,yes,yes,yes,n/a
U2GetPhysicalMode,SafeRead,inferred,true,0x81,64,81040501000000000000000000000000000000000000000000000000000000000000000000000000000000000000000000000000000000000000000000000000,byte0=0x02;byte1=0x04,Ultimate2 mode switch position (data byte 0: 1 = XInput; 0 = DInput),0x6012;0x6013,Ultimate2Core,DOS-6012-U2-ADV,yes,no,no,n/a
U2SetReportState,SafeRead,inferred,true,0x81,64,81040700000000000000000000000000000000000000000000000000000000000000000000000000000000000000000000000000000000000000000000000000,none,Ultimate2 pause (arg 0) or resume (arg 1) input reports on the configuration interface while configuring; not stored; no reply,0x6012;0x6013,Ultimate2Core,DOS-6012-U2-ADV,yes,no,no,n/a
U2SelectPlatform,SafeRead,inferred,true,0x81,64,81041400000000000000000000000000000000000000000000000000000000000000000000000000000000000000000000000000000000000000000000000000,byte0=0x02;byte1=0x04,Ultimate2 select which platform's configuration record is addressed (arg: 0 Switch; 1 DInput; 3 XInput); not stored,0x6012;0x6013,Ultimate2Core,DOS-6012-U2-ADV,yes,no,no,n/a
U2RecordRead,SafeRead,inferred,true,0x81,64,81040200000000000000000000000000000000000000000000000000000000000000000000000000000000000000000000000000000000000000000000000000,byte0=0x02;byte1=0x04,Ultimate2 configuration record read: len bytes at offset of total; up to 45 bytes per report,0x6012;0x6013,Ultimate2Core,DOS-6012-U2-ADV,yes,no,no,n/a
U2RecordWrite,SafeWrite,inferred,true,0x81,64,81040100000000000000000000000000000000000000000000000000000000000000000000000000000000000000000000000000000000000000000000000000,byte0=0x02;byte1=0x04,Ultimate2 configuration record write: len bytes at offset; crc is CRC-16/MODBUS of the data; takes effect on commit,0x6012;0x6013,Ultimate2Core,DOS-6012-U2-ADV,yes,no,no,n/a
U2Commit,SafeWrite,inferred,true,0x81,64,81040600000000000000000000000000000000000000000000000000000000000000000000000000000000000000000000000000000000000000000000000000,byte0=0x02;byte1=0x04,Ultimate2 commit written configuration (arg 0x0123); the reply can take seconds,0x6012;0x6013,Ultimate2Core,DOS-6012-U2-ADV,yes,no,no,n/a
Jp108ReadMacroName,SafeRead,inferred,true,0x52,33,528400000000000000000000000000000000000000000000000000000000000000,byte0=0x54;byte1=0x84,"JP108 name of the macro on a key (byte2 key id): reply key; length; more-flag; up to 28 name bytes",0x5209,JP108Dedicated,DOS-5209-JP108-HID,yes,no,no,n/a
Jp108ReadMacroValue,SafeRead,inferred,true,0x52,33,528600000000000000000000000000000000000000000000000000000000000000,byte0=0x54;byte1=0x86,"JP108 value of the macro on a key (byte2 key id): reply key; more-flag; offset; length; up to 26 value bytes",0x5209,JP108Dedicated,DOS-5209-JP108-HID,yes,no,no,n/a
Jp108WriteMacroName,SafeWrite,inferred,true,0x52,33,527400000000000000000000000000000000000000000000000000000000000000,byte0=0x54;byte1=0xE4;byte2=0x08,"JP108 macro name write: key; length; more-flag; name bytes",0x5209,JP108Dedicated,DOS-5209-JP108-HID,yes,no,no,n/a
Jp108WriteMacroValue,SafeWrite,inferred,true,0x52,33,527600000000000000000000000000000000000000000000000000000000000000,byte0=0x54;byte1=0xE4;byte2=0x08,"JP108 macro value write: key; more-flag; offset; length; value bytes; acknowledged after the last report",0x5209,JP108Dedicated,DOS-5209-JP108-HID,yes,no,no,n/a
Jp108ClearMacro,SafeWrite,inferred,true,0x52,33,527700000000000000000000000000000000000000000000000000000000000000,byte0=0x54;byte1=0xE4;byte2=0x08,"JP108 macro clear: key; step count",0x5209,JP108Dedicated,DOS-5209-JP108-HID,yes,no,no,n/a
U2GetLightEffect,SafeRead,inferred,true,0x81,64,81044100000000000000000000000000000000000000000000000000000000000000000000000000000000000000000000000000000000000000000000000000,byte0=0x02;byte1=0x04,"Ultimate2 stick-ring light effect in use (data byte 0: 2 tracing; 3 fire ring; 4 per-LED; anything else off)",0x6012;0x6013,Ultimate2Core,DOS-6012-U2-ADV,yes,no,no,n/a
U2SetLightEffect,SafeWrite,inferred,true,0x81,64,81044000000000000000000000000000000000000000000000000000000000000000000000000000000000000000000000000000000000000000000000000000,byte0=0x02;byte1=0x04,"Ultimate2 select the stick-ring light effect (arg: 2 tracing; 3 fire ring; 4 per-LED; 5 off)",0x6012;0x6013,Ultimate2Core,DOS-6012-U2-ADV,yes,no,no,n/a
U2MacroRead,SafeRead,inferred,true,0x81,64,81040201000000000000000000000000000000000000000000000000000000000000000000000000000000000000000000000000000000000000000000000000,byte0=0x02;byte1=0x04,"Ultimate2 macro storage read: arg = platform<<8 | slot; len bytes (at most 32) at offset of total",0x6012;0x6013,Ultimate2Core,DOS-6012-U2-ADV,yes,no,no,n/a
U2MacroWrite,SafeWrite,inferred,true,0x81,64,81040301000000000000000000000000000000000000000000000000000000000000000000000000000000000000000000000000000000000000000000000000,byte0=0x02;byte1=0x04,"Ultimate2 macro storage write: arg = platform<<8 | slot; up to 32 data bytes at offset; takes effect on commit",0x6012;0x6013,Ultimate2Core,DOS-6012-U2-ADV,yes,no,no,n/a
U2MacroErase,SafeWrite,inferred,true,0x81,64,81040401000000000000000000000000000000000000000000000000000000000000000000000000000000000000000000000000000000000000000000000000,byte0=0x02;byte1=0x04,"Ultimate2 macro storage erase: arg = platform<<8 | slot; len bytes at offset; the reply can take seconds",0x6012;0x6013,Ultimate2Core,DOS-6012-U2-ADV,yes,no,no,n/a
